headline,link
धनगढीका नयाँ उम्मेदवारसँग मतदाताका पुरानै माग,[]
"सुन र अमेरिकी डलरको मूल्य हरेक दिन नयाँ उचाइमा, किन ?",[]
समग्रमा ३ लाख ३७ हजार सुरक्षाकर्मी परिचालन गरिँदै,[]
रोकियो नेपालको यात्रा,[]
बागलुङका ‘ब्रान्ड’ चित्रबहादुर,[]
"प्रमुख दलहरूले लोपोन्मुख समुदायका उम्मेदवार रोजेनन्, अन्य दलबाट ३ जना",[]
लगानी प्रतिबद्धता ५२ प्रतिशतले बढ्यो,[]
राइड सेयरिङ कम्पनी इन्ड्राइभले चालकलाई सुरक्षा तालिम दियो ,[]
"गण्डकी, कर्णाली र सुदूरपश्चिमका उच्च पहाडी भूभागमा आंशिक वर्षाको सम्भावना",[]
गैंडाको आक्रमणबाट घाइते अशोकको उपचारका क्रममा निधन,[]
काठमाडौंस्थित भारतीय दूतावासमा गणतन्त्र दिवस मनाइयो,[]
निर्वाचनमा कुनै पनि सुरक्षा कमजोरी सह्य हुँदैन : महानिरीक्षक अर्याल,[]
"सर्वोच्च अदालतमा विचाराधीन संसद् विघटनको मुद्दामा लिखित जवाफ पेस भए, कहिले हुन्छ सुनुवाइ ?",[]
घुन्साका मतदाता फागुन दोस्रो साता गाउँ फर्किने अपेक्षा,[]
आचारसंहिता उल्लघंन आरोपमा एमाले उम्मेदवार राईलाई मुख्य निर्वाचन अधिकृतको कार्यालयले सचेत गरायो,[]
पाथीभरामा केवलकार निर्माण रोक्न माग गर्दै धनकुटामा विरोध,[]
अनमोल ज्वेलर्सबाट हराएको २० तोला चाँदीसहित एक जना पक्राउ,[]
धनकुटा कारागारका कैदीबन्दीको क्षयरोग परीक्षण,[]
संखुवासभामा जिप दुर्घटना : मृतकमध्ये एक जनाको पहिचान खुल्यो [अपडेट],[]
सिरहामा पोष्टमार्टमका लागि लगिएको युवतीको शव अस्पतालबाटै गायब,[]
रिलायन्स सुगर मिलले चर्को ढुवानी भाडा लिएको किसानको आरोप,[]
भारतीय महावाणिज्य दूतावासमा गणन्त्र दिवस मनाइयो,[]
गोदामबाट ३० लाखको अवैध सामान बरामद,[]
पाँच वर्ष कैद सजाय तोकिएका सिंह पक्राउ,[]
त्रिशूली नदी किनारमा गणपति डिलक्सबाट मानव अवशेष भेटियो,[]
चुरियामाई नजिक डिजेल ट्यांकरमा आगलागी,[]
"रामेछापमा चुनावी दौड: घरदैलोमा उम्मेदवार, एजेन्डाको होड",[]
सीमा सुरक्षा बैठकमा स्तम्भ संरक्षणदेखि चुनाव सहजीकरणमा चीनको चासो,[]
आलु रोप्न दिनभर खेतबारीमै थाहाका किसान,[]
ईन्द्रसरोवरमा गाडी खस्यो,[]
स्कुल बसले किच्दा बालिकाको मृत्यु,[]
भारतीय बुवा र नेपाली आमाबाट जन्मेका युवकलाई नेपाली नागरिकता,[]
"तनहुँको थर्पुमा भ्यान दुर्घटना, १३ वर्षीया बालिकाको मृत्यु",[]
गोरखा नगरपालिका मेयर कप फुटबल प्रतियोगिता सुरु,[]
लमजुङमा दुईपटक म्याद थपेर निर्वाचन प्रहरी भर्ना,[]
तनहुँमा मिनी ट्रकको ठक्करबाट पैदल यात्रीको मृत्यु,[]
लुम्बिनी प्रदेश सभाको बैठक आज दिउँसो १ बजे बस्दै,[]
अर्थतन्त्रलाई मजबुत बनाउने मुख्य आधार नै स्थानीय उत्पादन : मुख्यमन्त्री आचार्य,[]
कान्तिपुरकर्मी पौडेल सम्मानित,[]
किवी खेतीमा भार्सेलीको आकर्षण,[]
"सहकारीमा ५ दिनदेखि तालाबन्दी, बचत डुब्ने चिन्ता",[]
पाल्पामा प्रत्येक वर्ष भेटिन्छन् कुष्ठरोगी,[]
डोजरले हिउँ पन्छाएर खुलाइयो नाग्म–गमगडी सडक,[]
"हिमपातले बाटो बन्द, कसरी फर्किन्छन् मतदाता ?",[]
"पोल गाडेको वर्ष बित्यो, बलेन बत्ती",[]
हिमाली पालिकाका उपाध्यक्ष भन्छन्- 'तराजुले ताैलेझैं समान व्यवहार गरेका छाैं',[]
"जुम्लामा चिसो बढ्यो, फुट्न थाले पानीका पाइप",[]
जुम्लामा ४५३ निर्वाचन प्रहरी वैकल्पिक सूचीमा,[]
मेलौलीका विद्यालयमा तीन दिन बिदा,[]
डडेल्धुरामा कुष्ठरोगसम्बन्धी अन्तर्क्रिया सम्पन्न,[]
‘भोट बैंक’ नबन्ने भन्दै चुनाव बहिष्कारको चेतावनी,[]
राष्ट्रियसभा निर्वाचन: सुदूरपश्चिमबाट भण्डारी र खाती विजयी,[]
राष्ट्रियसभा निर्वाचनः पालिका र प्रदेशसभाका ४ मतदाता अनुपस्थित,[]
सुदूरपश्चिममा १८ महिला चुनावी मैदानमा,[]
अब कुनै दलसँग एकता गर्दिनँ : कुलमान घिसिङ,[]
दैलेखमा भेटिएको ग्यासको उत्पादन र वितरण कहिलेबाट होला ?,[]
तपाईं सीसीटीभीको निगरानीमा हुनुहुन्छ,[]
कमजोर पटकथामा अल्झिएको 'माग्ने राजा',[]
त्रिवि क्रिकेट मैदानको पुनर्निर्माण सकिँदै,[]
लुम्बिनी विकास कोषका कर्मचारीहरू किन आन्दोलन गरिरहेका छन् ?,[]
A Health and Nutrition Knowledge Quiz,[]
पेट्रोलियम पदार्थ आयात बढ्दो,[]
"डलर महँगिँदा के लाभ, कस्तो नोक्सानी ?",[]
नेपाली रुपैयाँ निरन्तर कमजोर ,[]
नेपाली बजारमा चाँदीको कृत्रिम अभाव,[]
नेप्से घट्दा पनि १६.३५ अर्बको सेयर किनबेच,[]
यस्तो छ आजका लागि निर्धारण गरिएको विदेशी मुद्राको विनिमयदर,[]
लिड्ससँग एभरटनको बराबरी,[]
ललितपुर–२१ मा मेयर कप टेबलटेनिस हुने,[]
चिनियाँ नयाँ वर्षमा मैत्रीपूर्ण फुटबल हुने,[]
सूर्य नेपाल एनपीजीए टुर बर्दिबासमा आजदेखि,[]
सुदूरपश्चिम प्रादेशिक क्रिकेट टिम र एसपीएबीच तीनवर्षे प्रायोजन सम्झौता,[]
जिके पोखरेलको गीत ‘इन्दिरा’ सार्वजनिक,[]
'बहुरिया'मा अधिकार खोज्ने सिता,[]
"चलचित्रको विकास, विस्तार र प्रवर्द्धन हुने गरी कानून परिमार्जन हुँदैछ : मन्त्री सिन्हा",[]
बक्स अफिसमा बाजी मार्यो गोबर गणेशले,[]
"‘रमिताको पिरती’को ट्रेलरमा प्रेम, धोका",[]
सकियो ‘इकोज इन द भ्याली– फेस्टिभल अफ म्युजिक’,[]
इजिप्टमा बालबालिकाको सामाजिक सञ्जाल प्रयोगमा प्रतिबन्धको तयारी,[]
मिनियापोलिस आन्दोलनले अमेरिकामा राजनीतिक संकट गहिरिदैं,[]
अमेरिकामा हिमआँधीले १० लाखभन्दा बढी मानिस अन्धकारमा,[]
"फिलिपिन्समा डुंङगा दुर्घटनामा कम्तिमा १५ जनाको मृत्यु , २८ बेपत्ता",[]
वरिष्ठ पत्रकार मार्क टलीको ९० वर्षको उमेरमा निधन,[]
"५२ प्रतिशत मतदाता युवा, उम्मेदवार भने ३१ प्रतिशत",[]
दृष्टि फर्कँदा नाचगान गरेर खुसियाली,[]
धानसँगै फल्यो नाम र दाम,[]
शिक्षामा जनता माविको सान,[]
त्रिशूलीमा बस तानिरहेका ‘टायर कान्छा’,[]
बडघर छान्न व्यस्त थारु बस्ती,[]
मर्मतपछि काठमाडौं महानगरका सार्वजनिक कुर्सी यथावत् स्थानमै राखिँदै,[]
काठमाडौंका दुई स्थानबाट ब्राउनसुगरसहित ४ जना पक्राउ,[]
बाल सुधारगृहमा आगजनी र तोडफोड : सबै बालबिज्याइँकर्तालाई अन्यत्रै सारियो,[]
"भक्तपुरको बालसुधार गृहभित्र झडप, ८ जना घाइते",[]
नदीको दायाँबायाँ गरिएको निर्माण रोक्का महानगरपालिकाबाट फुकुवा ,[]
उपत्यकाका सार्वजनिक सवारीसाधनमा सीसी क्यामरा जडान सुरु,[]
प्रतिनिधिसभा निर्वाचन २०८२,[]
घोषणापत्रको मूल एजेन्डा : सुशासन र भ्रष्टाचार नियन्त्रण,[]
राष्ट्रिय सभाको गरिमा जोगाउने समय,[]
घोषणापत्रमा आप्रवासनको मुद्दा,[]
राजनीतिक चेतको सदुपयोग गर्ने समय,[]
कान्तिपुरका स्तम्भहरु,[]
हाम्रा अन्य प्रकाशनहरु,[]
